role,skills
Junior Developer,"Python, JavaScript, Git, SQL, HTML, CSS"
Backend Developer,"Python, Java, Node.js, SQL, PostgreSQL, MongoDB, Docker, REST APIs"
Frontend Developer,"JavaScript, TypeScript, React, Vue.js, Angular, CSS, HTML"
Full-Stack Developer,"JavaScript, Python, React, Node.js, Express, MongoDB, PostgreSQL, Docker"
Data Analyst,"Python, SQL, R, Excel, Tableau, Power BI, NumPy, Pandas"
Data Scientist,"Python, NumPy, Pandas, R, SQL, TensorFlow, PyTorch"
ML Engineer,"Python, TensorFlow, PyTorch, Docker, Kubernetes, AWS"
QA Engineer,"Selenium, Python, Java, JUnit, TestNG"
Mobile Developer,"Swift, Kotlin, React Native, Flutter, Java, Objective-C"
Mobile Native iOS Developer,"Swift, Objective-C"
Mobile Native Android Developer,"Java, Kotlin"
Flutter Mobile Developer,"Flutter"
UI/UX Developer,"HTML,CSS,JavaScript,React,Figma"