Skill,Course_Count,Courses_With_Duration,Min_Hours,Average_Hours,Median_Hours,Weighted_Average_Hours,Max_Hours
Vue.js,3,3,47.5,49.0,47.5,49.0,52.0
TypeScript,3,3,6.0,14.5,9.0,14.6,28.5
TestNG,1,1,3.5,3.5,3.5,3.5,3.5
TensorFlow,3,3,10.0,33.2,26.5,33.3,63.0
Tableau,1,1,25.0,25.0,25.0,25.0,25.0
Swift,2,2,60.5,89.0,89.0,88.8,117.5
Selenium,2,2,56.0,76.8,76.8,76.5,97.5
Sass,1,1,6.5,6.5,6.5,6.5,6.5
SQL,2,2,9.5,25.5,25.5,25.0,41.5
React Native,1,1,20.0,20.0,20.0,20.0,20.0
React,13,13,5.5,49.1,31.5,49.8,125.5
REST APIs,3,3,7.5,15.7,15.0,15.7,24.5
R,5,5,15.0,28.2,32.0,28.6,43.0
Python,66,66,2.0,20.7,17.8,20.8,88.0
PyTorch,1,1,9.5,9.5,9.5,9.5,9.5
Node.js,5,3,40,53.2,42,51,77
Power BI,2,2,16.5,26.0,26.0,25.7,35.5
PostgreSQL,2,2,19.0,43.2,43.2,43.5,67.3
Pandas,4,4,13.5,27.1,29.5,27.0,36.0
NumPy,4,4,13.5,27.1,29.5,27.0,36.0
MongoDB,1,1,52.0,52.0,52.0,52.0,52.0
Objective-C,2,2,32.0,38.0,38.0,40,42
Kubernetes,2,2,19.0,29.8,29.8,30.0,40.5
Kotlin,4,4,16.0,50.9,60.5,50.3,66.5
Kotlin,4,4,16.0,50.9,60.5,50.3,66.5
JavaScript,19,19,2.0,32.2,27.5,32.6,84.5
Java,81,80,1.3,35.3,24.8,35.2,135.5
JUnit,1,1,1.3,1.3,1.3,1.3,1.3
HTML,12,12,2.0,29.1,29.5,29.6,62.5
Git,2,2,47.5,47.5,47.5,47.5,47.5
Flutter,2,2,17.5,23.2,23.2,23.1,29.0
Figma,1,1,9.5,9.5,9.5,9.5,9.5
Express,1,1,6.0,6.0,6.0,6.0,6.0
Excel,1,1,5.5,5.5,5.5,5.5,5.5
Docker,2,2,10.5,25.5,25.5,25.8,40.5
CSS,14,14,2.0,25.7,22.5,26.2,62.5
Angular,2,2,20.0,36.5,36.5,36.0,53.0
Adobe XD,1,1,8.5,8.5,8.5,8.5,8.5
AWS,6,5,15.0,25.5,23.5,25.3,43.0
