Skill,Prerequisites
HTML, ""
Git, ""
SQL, ""
Python, ""
R, ""
Docker, ""
Node.js, ""
Express, ""
MongoDB, ""
Excel, ""
Tableau, ""
Power BI, ""
AWS, ""
Flutter, ""
Objective-C, ""
Kotlin, ""
Swift, ""
Figma, ""
CSS, "HTML"
JavaScript, "HTML"
Selenium, "HTML"
Webpack, "HTML,JavaScript"
PostgreSQL, "SQL"
React,"HTML,CSS,JavaScript,TypeScript"
Angular,"HTML,CSS,JavaScript,TypeScript"
Vue.js,"HTML,CSS,JavaScript"
TypeScript,JavaScript
Node.js,JavaScript
Express,"JavaScript,Node.js"
Django,"Python"
Flask,"Python"
Spring,"Java"
JUnit,"Java"
TestNG,"Java"
NumPy,"Python"
Pandas,"Python"
PyTorch,"Python"
TensorFlow,"Python"
Kubernetes,"Docker"
React Native,"HTML,CSS,JavaScript,TypeScript,React"